filepath,label,source_file,source_dataset
data/external/tess_processed/fearful/tess_fearful_0001.wav,fearful,/Users/celinajoudi/.cache/kagglehub/datasets/orvile/toronto-emotional-speech-set-tess/versions/1/OAF_back_fear.wav,TESS
data/external/tess_processed/fearful/tess_fearful_0002.wav,fearful,/Users/celinajoudi/.cache/kagglehub/datasets/orvile/toronto-emotional-speech-set-tess/versions/1/OAF_bar_fear.wav,TESS
data/external/tess_processed/fearful/tess_fearful_0003.wav,fearful,/Users/celinajoudi/.cache/kagglehub/datasets/orvile/toronto-emotional-speech-set-tess/versions/1/OAF_base_fear.wav,TESS
data/external/tess_processed/fearful/tess_fearful_0004.wav,fearful,/Users/celinajoudi/.cache/kagglehub/datasets/orvile/toronto-emotional-speech-set-tess/versions/1/OAF_bath_fear.wav,TESS
data/external/tess_processed/fearful/tess_fearful_0005.wav,fearful,/Users/celinajoudi/.cache/kagglehub/datasets/orvile/toronto-emotional-speech-set-tess/versions/1/OAF_bean_fear.wav,TESS
data/external/tess_processed/fearful/tess_fearful_0006.wav,fearful,/Users/celinajoudi/.cache/kagglehub/datasets/orvile/toronto-emotional-speech-set-tess/versions/1/OAF_beg_fear.wav,TESS
data/external/tess_processed/fearful/tess_fearful_0007.wav,fearful,/Users/celinajoudi/.cache/kagglehub/datasets/orvile/toronto-emotional-speech-set-tess/versions/1/OAF_bite_fear.wav,TESS
data/external/tess_processed/fearful/tess_fearful_0008.wav,fearful,/Users/celinajoudi/.cache/kagglehub/datasets/orvile/toronto-emotional-speech-set-tess/versions/1/OAF_boat_fear.wav,TESS
data/external/tess_processed/fearful/tess_fearful_0009.wav,fearful,/Users/celinajoudi/.cache/kagglehub/datasets/orvile/toronto-emotional-speech-set-tess/versions/1/OAF_bone_fear.wav,TESS
data/external/tess_processed/fearful/tess_fearful_0010.wav,fearful,/Users/celinajoudi/.cache/kagglehub/datasets/orvile/toronto-emotional-speech-set-tess/versions/1/OAF_book_fear.wav,TESS
data/external/tess_processed/fearful/tess_fearful_0011.wav,fearful,/Users/celinajoudi/.cache/kagglehub/datasets/orvile/toronto-emotional-speech-set-tess/versions/1/OAF_bought_fear.wav,TESS
data/external/tess_processed/fearful/tess_fearful_0012.wav,fearful,/Users/celinajoudi/.cache/kagglehub/datasets/orvile/toronto-emotional-speech-set-tess/versions/1/OAF_burn_fear.wav,TESS
data/external/tess_processed/fearful/tess_fearful_0013.wav,fearful,/Users/celinajoudi/.cache/kagglehub/datasets/orvile/toronto-emotional-speech-set-tess/versions/1/OAF_cab_fear.wav,TESS
data/external/tess_processed/fearful/tess_fearful_0014.wav,fearful,/Users/celinajoudi/.cache/kagglehub/datasets/orvile/toronto-emotional-speech-set-tess/versions/1/OAF_calm_fear.wav,TESS
data/external/tess_processed/fearful/tess_fearful_0015.wav,fearful,/Users/celinajoudi/.cache/kagglehub/datasets/orvile/toronto-emotional-speech-set-tess/versions/1/OAF_came_fear.wav,TESS
data/external/tess_processed/fearful/tess_fearful_0016.wav,fearful,/Users/celinajoudi/.cache/kagglehub/datasets/orvile/toronto-emotional-speech-set-tess/versions/1/OAF_cause_fear.wav,TESS
data/external/tess_processed/fearful/tess_fearful_0017.wav,fearful,/Users/celinajoudi/.cache/kagglehub/datasets/orvile/toronto-emotional-speech-set-tess/versions/1/OAF_chain_fear.wav,TESS
data/external/tess_processed/fearful/tess_fearful_0018.wav,fearful,/Users/celinajoudi/.cache/kagglehub/datasets/orvile/toronto-emotional-speech-set-tess/versions/1/OAF_chair_fear.wav,TESS
data/external/tess_processed/fearful/tess_fearful_0019.wav,fearful,/Users/celinajoudi/.cache/kagglehub/datasets/orvile/toronto-emotional-speech-set-tess/versions/1/OAF_chalk_fear.wav,TESS
data/external/tess_processed/fearful/tess_fearful_0020.wav,fearful,/Users/celinajoudi/.cache/kagglehub/datasets/orvile/toronto-emotional-speech-set-tess/versions/1/OAF_chat_fear.wav,TESS
data/external/tess_processed/fearful/tess_fearful_0021.wav,fearful,/Users/celinajoudi/.cache/kagglehub/datasets/orvile/toronto-emotional-speech-set-tess/versions/1/OAF_check_fear.wav,TESS
data/external/tess_processed/fearful/tess_fearful_0022.wav,fearful,/Users/celinajoudi/.cache/kagglehub/datasets/orvile/toronto-emotional-speech-set-tess/versions/1/OAF_cheek_fear.wav,TESS
data/external/tess_processed/fearful/tess_fearful_0023.wav,fearful,/Users/celinajoudi/.cache/kagglehub/datasets/orvile/toronto-emotional-speech-set-tess/versions/1/OAF_chief_fear.wav,TESS
data/external/tess_processed/fearful/tess_fearful_0024.wav,fearful,/Users/celinajoudi/.cache/kagglehub/datasets/orvile/toronto-emotional-speech-set-tess/versions/1/OAF_choice_fear.wav,TESS
data/external/tess_processed/fearful/tess_fearful_0025.wav,fearful,/Users/celinajoudi/.cache/kagglehub/datasets/orvile/toronto-emotional-speech-set-tess/versions/1/OAF_cool_fear.wav,TESS
data/external/tess_processed/fearful/tess_fearful_0026.wav,fearful,/Users/celinajoudi/.cache/kagglehub/datasets/orvile/toronto-emotional-speech-set-tess/versions/1/OAF_dab_fear.wav,TESS
data/external/tess_processed/fearful/tess_fearful_0027.wav,fearful,/Users/celinajoudi/.cache/kagglehub/datasets/orvile/toronto-emotional-speech-set-tess/versions/1/OAF_date_fear.wav,TESS
data/external/tess_processed/fearful/tess_fearful_0028.wav,fearful,/Users/celinajoudi/.cache/kagglehub/datasets/orvile/toronto-emotional-speech-set-tess/versions/1/OAF_dead_fear.wav,TESS
data/external/tess_processed/fearful/tess_fearful_0029.wav,fearful,/Users/celinajoudi/.cache/kagglehub/datasets/orvile/toronto-emotional-speech-set-tess/versions/1/OAF_death_fear.wav,TESS
data/external/tess_processed/fearful/tess_fearful_0030.wav,fearful,/Users/celinajoudi/.cache/kagglehub/datasets/orvile/toronto-emotional-speech-set-tess/versions/1/OAF_deep_fear.wav,TESS
data/external/tess_processed/fearful/tess_fearful_0031.wav,fearful,/Users/celinajoudi/.cache/kagglehub/datasets/orvile/toronto-emotional-speech-set-tess/versions/1/OAF_dime_fear.wav,TESS
data/external/tess_processed/fearful/tess_fearful_0032.wav,fearful,/Users/celinajoudi/.cache/kagglehub/datasets/orvile/toronto-emotional-speech-set-tess/versions/1/OAF_dip_fear.wav,TESS
data/external/tess_processed/fearful/tess_fearful_0033.wav,fearful,/Users/celinajoudi/.cache/kagglehub/datasets/orvile/toronto-emotional-speech-set-tess/versions/1/OAF_ditch_fear.wav,TESS
data/external/tess_processed/fearful/tess_fearful_0034.wav,fearful,/Users/celinajoudi/.cache/kagglehub/datasets/orvile/toronto-emotional-speech-set-tess/versions/1/OAF_dodge_fear.wav,TESS
data/external/tess_processed/fearful/tess_fearful_0035.wav,fearful,/Users/celinajoudi/.cache/kagglehub/datasets/orvile/toronto-emotional-speech-set-tess/versions/1/OAF_dog_fear.wav,TESS
data/external/tess_processed/fearful/tess_fearful_0036.wav,fearful,/Users/celinajoudi/.cache/kagglehub/datasets/orvile/toronto-emotional-speech-set-tess/versions/1/OAF_doll_fear.wav,TESS
data/external/tess_processed/fearful/tess_fearful_0037.wav,fearful,/Users/celinajoudi/.cache/kagglehub/datasets/orvile/toronto-emotional-speech-set-tess/versions/1/OAF_door_fear.wav,TESS
data/external/tess_processed/fearful/tess_fearful_0038.wav,fearful,/Users/celinajoudi/.cache/kagglehub/datasets/orvile/toronto-emotional-speech-set-tess/versions/1/OAF_fail_fear.wav,TESS
data/external/tess_processed/fearful/tess_fearful_0039.wav,fearful,/Users/celinajoudi/.cache/kagglehub/datasets/orvile/toronto-emotional-speech-set-tess/versions/1/OAF_fall_fear.wav,TESS
data/external/tess_processed/fearful/tess_fearful_0040.wav,fearful,/Users/celinajoudi/.cache/kagglehub/datasets/orvile/toronto-emotional-speech-set-tess/versions/1/OAF_far_fear.wav,TESS
data/external/tess_processed/fearful/tess_fearful_0041.wav,fearful,/Users/celinajoudi/.cache/kagglehub/datasets/orvile/toronto-emotional-speech-set-tess/versions/1/OAF_fat_fear.wav,TESS
data/external/tess_processed/fearful/tess_fearful_0042.wav,fearful,/Users/celinajoudi/.cache/kagglehub/datasets/orvile/toronto-emotional-speech-set-tess/versions/1/OAF_fit_fear.wav,TESS
data/external/tess_processed/fearful/tess_fearful_0043.wav,fearful,/Users/celinajoudi/.cache/kagglehub/datasets/orvile/toronto-emotional-speech-set-tess/versions/1/OAF_five_fear.wav,TESS
data/external/tess_processed/fearful/tess_fearful_0044.wav,fearful,/Users/celinajoudi/.cache/kagglehub/datasets/orvile/toronto-emotional-speech-set-tess/versions/1/OAF_food_fear.wav,TESS
data/external/tess_processed/fearful/tess_fearful_0045.wav,fearful,/Users/celinajoudi/.cache/kagglehub/datasets/orvile/toronto-emotional-speech-set-tess/versions/1/OAF_gap_fear.wav,TESS
data/external/tess_processed/fearful/tess_fearful_0046.wav,fearful,/Users/celinajoudi/.cache/kagglehub/datasets/orvile/toronto-emotional-speech-set-tess/versions/1/OAF_gas_fear.wav,TESS
data/external/tess_processed/fearful/tess_fearful_0047.wav,fearful,/Users/celinajoudi/.cache/kagglehub/datasets/orvile/toronto-emotional-speech-set-tess/versions/1/OAF_gaze_fear.wav,TESS
data/external/tess_processed/fearful/tess_fearful_0048.wav,fearful,/Users/celinajoudi/.cache/kagglehub/datasets/orvile/toronto-emotional-speech-set-tess/versions/1/OAF_germ_fear.wav,TESS
data/external/tess_processed/fearful/tess_fearful_0049.wav,fearful,/Users/celinajoudi/.cache/kagglehub/datasets/orvile/toronto-emotional-speech-set-tess/versions/1/OAF_get_fear.wav,TESS
data/external/tess_processed/fearful/tess_fearful_0050.wav,fearful,/Users/celinajoudi/.cache/kagglehub/datasets/orvile/toronto-emotional-speech-set-tess/versions/1/OAF_gin_fear.wav,TESS
data/external/tess_processed/fearful/tess_fearful_0051.wav,fearful,/Users/celinajoudi/.cache/kagglehub/datasets/orvile/toronto-emotional-speech-set-tess/versions/1/OAF_goal_fear.wav,TESS
data/external/tess_processed/fearful/tess_fearful_0052.wav,fearful,/Users/celinajoudi/.cache/kagglehub/datasets/orvile/toronto-emotional-speech-set-tess/versions/1/OAF_good_fear.wav,TESS
data/external/tess_processed/fearful/tess_fearful_0053.wav,fearful,/Users/celinajoudi/.cache/kagglehub/datasets/orvile/toronto-emotional-speech-set-tess/versions/1/OAF_goose_fear.wav,TESS
data/external/tess_processed/fearful/tess_fearful_0054.wav,fearful,/Users/celinajoudi/.cache/kagglehub/datasets/orvile/toronto-emotional-speech-set-tess/versions/1/OAF_gun_fear.wav,TESS
data/external/tess_processed/fearful/tess_fearful_0055.wav,fearful,/Users/celinajoudi/.cache/kagglehub/datasets/orvile/toronto-emotional-speech-set-tess/versions/1/OAF_half_fear.wav,TESS
data/external/tess_processed/fearful/tess_fearful_0056.wav,fearful,/Users/celinajoudi/.cache/kagglehub/datasets/orvile/toronto-emotional-speech-set-tess/versions/1/OAF_hall_fear.wav,TESS
data/external/tess_processed/fearful/tess_fearful_0057.wav,fearful,/Users/celinajoudi/.cache/kagglehub/datasets/orvile/toronto-emotional-speech-set-tess/versions/1/OAF_hash_fear.wav,TESS
data/external/tess_processed/fearful/tess_fearful_0058.wav,fearful,/Users/celinajoudi/.cache/kagglehub/datasets/orvile/toronto-emotional-speech-set-tess/versions/1/OAF_hate_fear.wav,TESS
data/external/tess_processed/fearful/tess_fearful_0059.wav,fearful,/Users/celinajoudi/.cache/kagglehub/datasets/orvile/toronto-emotional-speech-set-tess/versions/1/OAF_have_fear.wav,TESS
data/external/tess_processed/fearful/tess_fearful_0060.wav,fearful,/Users/celinajoudi/.cache/kagglehub/datasets/orvile/toronto-emotional-speech-set-tess/versions/1/OAF_haze_fear.wav,TESS
data/external/tess_processed/fearful/tess_fearful_0061.wav,fearful,/Users/celinajoudi/.cache/kagglehub/datasets/orvile/toronto-emotional-speech-set-tess/versions/1/OAF_hire_fear.wav,TESS
data/external/tess_processed/fearful/tess_fearful_0062.wav,fearful,/Users/celinajoudi/.cache/kagglehub/datasets/orvile/toronto-emotional-speech-set-tess/versions/1/OAF_hit_fear.wav,TESS
data/external/tess_processed/fearful/tess_fearful_0063.wav,fearful,/Users/celinajoudi/.cache/kagglehub/datasets/orvile/toronto-emotional-speech-set-tess/versions/1/OAF_hole_fear.wav,TESS
data/external/tess_processed/fearful/tess_fearful_0064.wav,fearful,/Users/celinajoudi/.cache/kagglehub/datasets/orvile/toronto-emotional-speech-set-tess/versions/1/OAF_home_fear.wav,TESS
data/external/tess_processed/fearful/tess_fearful_0065.wav,fearful,/Users/celinajoudi/.cache/kagglehub/datasets/orvile/toronto-emotional-speech-set-tess/versions/1/OAF_hurl_fear.wav,TESS
data/external/tess_processed/fearful/tess_fearful_0066.wav,fearful,/Users/celinajoudi/.cache/kagglehub/datasets/orvile/toronto-emotional-speech-set-tess/versions/1/OAF_hush_fear.wav,TESS
data/external/tess_processed/fearful/tess_fearful_0067.wav,fearful,/Users/celinajoudi/.cache/kagglehub/datasets/orvile/toronto-emotional-speech-set-tess/versions/1/OAF_jail_fear.wav,TESS
data/external/tess_processed/fearful/tess_fearful_0068.wav,fearful,/Users/celinajoudi/.cache/kagglehub/datasets/orvile/toronto-emotional-speech-set-tess/versions/1/OAF_jar_fear.wav,TESS
data/external/tess_processed/fearful/tess_fearful_0069.wav,fearful,/Users/celinajoudi/.cache/kagglehub/datasets/orvile/toronto-emotional-speech-set-tess/versions/1/OAF_join_fear.wav,TESS
data/external/tess_processed/fearful/tess_fearful_0070.wav,fearful,/Users/celinajoudi/.cache/kagglehub/datasets/orvile/toronto-emotional-speech-set-tess/versions/1/OAF_judge_fear.wav,TESS
data/external/tess_processed/fearful/tess_fearful_0071.wav,fearful,/Users/celinajoudi/.cache/kagglehub/datasets/orvile/toronto-emotional-speech-set-tess/versions/1/OAF_jug_fear.wav,TESS
data/external/tess_processed/fearful/tess_fearful_0072.wav,fearful,/Users/celinajoudi/.cache/kagglehub/datasets/orvile/toronto-emotional-speech-set-tess/versions/1/OAF_juice_fear.wav,TESS
data/external/tess_processed/fearful/tess_fearful_0073.wav,fearful,/Users/celinajoudi/.cache/kagglehub/datasets/orvile/toronto-emotional-speech-set-tess/versions/1/OAF_keen_fear.wav,TESS
data/external/tess_processed/fearful/tess_fearful_0074.wav,fearful,/Users/celinajoudi/.cache/kagglehub/datasets/orvile/toronto-emotional-speech-set-tess/versions/1/OAF_keep_fear.wav,TESS
data/external/tess_processed/fearful/tess_fearful_0075.wav,fearful,/Users/celinajoudi/.cache/kagglehub/datasets/orvile/toronto-emotional-speech-set-tess/versions/1/OAF_keg_fear.wav,TESS
data/external/tess_processed/fearful/tess_fearful_0076.wav,fearful,/Users/celinajoudi/.cache/kagglehub/datasets/orvile/toronto-emotional-speech-set-tess/versions/1/OAF_kick_fear.wav,TESS
data/external/tess_processed/fearful/tess_fearful_0077.wav,fearful,/Users/celinajoudi/.cache/kagglehub/datasets/orvile/toronto-emotional-speech-set-tess/versions/1/OAF_kill_fear.wav,TESS
data/external/tess_processed/fearful/tess_fearful_0078.wav,fearful,/Users/celinajoudi/.cache/kagglehub/datasets/orvile/toronto-emotional-speech-set-tess/versions/1/OAF_king_fear.wav,TESS
data/external/tess_processed/fearful/tess_fearful_0079.wav,fearful,/Users/celinajoudi/.cache/kagglehub/datasets/orvile/toronto-emotional-speech-set-tess/versions/1/OAF_kite_fear.wav,TESS
data/external/tess_processed/fearful/tess_fearful_0080.wav,fearful,/Users/celinajoudi/.cache/kagglehub/datasets/orvile/toronto-emotional-speech-set-tess/versions/1/OAF_knock_fear.wav,TESS
data/external/tess_processed/fearful/tess_fearful_0081.wav,fearful,/Users/celinajoudi/.cache/kagglehub/datasets/orvile/toronto-emotional-speech-set-tess/versions/1/OAF_late_fear.wav,TESS
data/external/tess_processed/fearful/tess_fearful_0082.wav,fearful,/Users/celinajoudi/.cache/kagglehub/datasets/orvile/toronto-emotional-speech-set-tess/versions/1/OAF_laud_fear.wav,TESS
data/external/tess_processed/fearful/tess_fearful_0083.wav,fearful,/Users/celinajoudi/.cache/kagglehub/datasets/orvile/toronto-emotional-speech-set-tess/versions/1/OAF_lean_fear.wav,TESS
data/external/tess_processed/fearful/tess_fearful_0084.wav,fearful,/Users/celinajoudi/.cache/kagglehub/datasets/orvile/toronto-emotional-speech-set-tess/versions/1/OAF_learn_fear.wav,TESS
data/external/tess_processed/fearful/tess_fearful_0085.wav,fearful,/Users/celinajoudi/.cache/kagglehub/datasets/orvile/toronto-emotional-speech-set-tess/versions/1/OAF_lease_fear.wav,TESS
data/external/tess_processed/fearful/tess_fearful_0086.wav,fearful,/Users/celinajoudi/.cache/kagglehub/datasets/orvile/toronto-emotional-speech-set-tess/versions/1/OAF_lid_fear.wav,TESS
data/external/tess_processed/fearful/tess_fearful_0087.wav,fearful,/Users/celinajoudi/.cache/kagglehub/datasets/orvile/toronto-emotional-speech-set-tess/versions/1/OAF_life_fear.wav,TESS
data/external/tess_processed/fearful/tess_fearful_0088.wav,fearful,/Users/celinajoudi/.cache/kagglehub/datasets/orvile/toronto-emotional-speech-set-tess/versions/1/OAF_limb_fear.wav,TESS
data/external/tess_processed/fearful/tess_fearful_0089.wav,fearful,/Users/celinajoudi/.cache/kagglehub/datasets/orvile/toronto-emotional-speech-set-tess/versions/1/OAF_live_fear.wav,TESS
data/external/tess_processed/fearful/tess_fearful_0090.wav,fearful,/Users/celinajoudi/.cache/kagglehub/datasets/orvile/toronto-emotional-speech-set-tess/versions/1/OAF_loaf_fear.wav,TESS
data/external/tess_processed/fearful/tess_fearful_0091.wav,fearful,/Users/celinajoudi/.cache/kagglehub/datasets/orvile/toronto-emotional-speech-set-tess/versions/1/OAF_long_fear.wav,TESS
data/external/tess_processed/fearful/tess_fearful_0092.wav,fearful,/Users/celinajoudi/.cache/kagglehub/datasets/orvile/toronto-emotional-speech-set-tess/versions/1/OAF_lore_fear.wav,TESS
data/external/tess_processed/fearful/tess_fearful_0093.wav,fearful,/Users/celinajoudi/.cache/kagglehub/datasets/orvile/toronto-emotional-speech-set-tess/versions/1/OAF_lose_fear.wav,TESS
data/external/tess_processed/fearful/tess_fearful_0094.wav,fearful,/Users/celinajoudi/.cache/kagglehub/datasets/orvile/toronto-emotional-speech-set-tess/versions/1/OAF_lot_fear.wav,TESS
data/external/tess_processed/fearful/tess_fearful_0095.wav,fearful,/Users/celinajoudi/.cache/kagglehub/datasets/orvile/toronto-emotional-speech-set-tess/versions/1/OAF_love_fear.wav,TESS
data/external/tess_processed/fearful/tess_fearful_0096.wav,fearful,/Users/celinajoudi/.cache/kagglehub/datasets/orvile/toronto-emotional-speech-set-tess/versions/1/OAF_luck_fear.wav,TESS
data/external/tess_processed/fearful/tess_fearful_0097.wav,fearful,/Users/celinajoudi/.cache/kagglehub/datasets/orvile/toronto-emotional-speech-set-tess/versions/1/OAF_make_fear.wav,TESS
data/external/tess_processed/fearful/tess_fearful_0098.wav,fearful,/Users/celinajoudi/.cache/kagglehub/datasets/orvile/toronto-emotional-speech-set-tess/versions/1/OAF_match_fear.wav,TESS
data/external/tess_processed/fearful/tess_fearful_0099.wav,fearful,/Users/celinajoudi/.cache/kagglehub/datasets/orvile/toronto-emotional-speech-set-tess/versions/1/OAF_merge_fear.wav,TESS
data/external/tess_processed/fearful/tess_fearful_0100.wav,fearful,/Users/celinajoudi/.cache/kagglehub/datasets/orvile/toronto-emotional-speech-set-tess/versions/1/OAF_mess_fear.wav,TESS
data/external/tess_processed/fearful/tess_fearful_0101.wav,fearful,/Users/celinajoudi/.cache/kagglehub/datasets/orvile/toronto-emotional-speech-set-tess/versions/1/OAF_met_fear.wav,TESS
data/external/tess_processed/fearful/tess_fearful_0102.wav,fearful,/Users/celinajoudi/.cache/kagglehub/datasets/orvile/toronto-emotional-speech-set-tess/versions/1/OAF_mill_fear.wav,TESS
data/external/tess_processed/fearful/tess_fearful_0103.wav,fearful,/Users/celinajoudi/.cache/kagglehub/datasets/orvile/toronto-emotional-speech-set-tess/versions/1/OAF_mob_fear.wav,TESS
data/external/tess_processed/fearful/tess_fearful_0104.wav,fearful,/Users/celinajoudi/.cache/kagglehub/datasets/orvile/toronto-emotional-speech-set-tess/versions/1/OAF_mode_fear.wav,TESS
data/external/tess_processed/fearful/tess_fearful_0105.wav,fearful,/Users/celinajoudi/.cache/kagglehub/datasets/orvile/toronto-emotional-speech-set-tess/versions/1/OAF_mood_fear.wav,TESS
data/external/tess_processed/fearful/tess_fearful_0106.wav,fearful,/Users/celinajoudi/.cache/kagglehub/datasets/orvile/toronto-emotional-speech-set-tess/versions/1/OAF_moon_fear.wav,TESS
data/external/tess_processed/fearful/tess_fearful_0107.wav,fearful,/Users/celinajoudi/.cache/kagglehub/datasets/orvile/toronto-emotional-speech-set-tess/versions/1/OAF_mop_fear.wav,TESS
data/external/tess_processed/fearful/tess_fearful_0108.wav,fearful,/Users/celinajoudi/.cache/kagglehub/datasets/orvile/toronto-emotional-speech-set-tess/versions/1/OAF_mouse_fear.wav,TESS
data/external/tess_processed/fearful/tess_fearful_0109.wav,fearful,/Users/celinajoudi/.cache/kagglehub/datasets/orvile/toronto-emotional-speech-set-tess/versions/1/OAF_nag_fear.wav,TESS
data/external/tess_processed/fearful/tess_fearful_0110.wav,fearful,/Users/celinajoudi/.cache/kagglehub/datasets/orvile/toronto-emotional-speech-set-tess/versions/1/OAF_name_fear.wav,TESS
data/external/tess_processed/fearful/tess_fearful_0111.wav,fearful,/Users/celinajoudi/.cache/kagglehub/datasets/orvile/toronto-emotional-speech-set-tess/versions/1/OAF_near_fear.wav,TESS
data/external/tess_processed/fearful/tess_fearful_0112.wav,fearful,/Users/celinajoudi/.cache/kagglehub/datasets/orvile/toronto-emotional-speech-set-tess/versions/1/OAF_neat_fear.wav,TESS
data/external/tess_processed/fearful/tess_fearful_0113.wav,fearful,/Users/celinajoudi/.cache/kagglehub/datasets/orvile/toronto-emotional-speech-set-tess/versions/1/OAF_nice_fear.wav,TESS
data/external/tess_processed/fearful/tess_fearful_0114.wav,fearful,/Users/celinajoudi/.cache/kagglehub/datasets/orvile/toronto-emotional-speech-set-tess/versions/1/OAF_note_fear.wav,TESS
data/external/tess_processed/fearful/tess_fearful_0115.wav,fearful,/Users/celinajoudi/.cache/kagglehub/datasets/orvile/toronto-emotional-speech-set-tess/versions/1/OAF_numb_fear.wav,TESS
data/external/tess_processed/fearful/tess_fearful_0116.wav,fearful,/Users/celinajoudi/.cache/kagglehub/datasets/orvile/toronto-emotional-speech-set-tess/versions/1/OAF_pad_fear.wav,TESS
data/external/tess_processed/fearful/tess_fearful_0117.wav,fearful,/Users/celinajoudi/.cache/kagglehub/datasets/orvile/toronto-emotional-speech-set-tess/versions/1/OAF_page_fear.wav,TESS
data/external/tess_processed/fearful/tess_fearful_0118.wav,fearful,/Users/celinajoudi/.cache/kagglehub/datasets/orvile/toronto-emotional-speech-set-tess/versions/1/OAF_pain_fear.wav,TESS
data/external/tess_processed/fearful/tess_fearful_0119.wav,fearful,/Users/celinajoudi/.cache/kagglehub/datasets/orvile/toronto-emotional-speech-set-tess/versions/1/OAF_pass_fear.wav,TESS
data/external/tess_processed/fearful/tess_fearful_0120.wav,fearful,/Users/celinajoudi/.cache/kagglehub/datasets/orvile/toronto-emotional-speech-set-tess/versions/1/OAF_pearl_fear.wav,TESS
data/external/tess_processed/fearful/tess_fearful_0121.wav,fearful,/Users/celinajoudi/.cache/kagglehub/datasets/orvile/toronto-emotional-speech-set-tess/versions/1/OAF_peg_fear.wav,TESS
data/external/tess_processed/fearful/tess_fearful_0122.wav,fearful,/Users/celinajoudi/.cache/kagglehub/datasets/orvile/toronto-emotional-speech-set-tess/versions/1/OAF_perch_fear.wav,TESS
data/external/tess_processed/fearful/tess_fearful_0123.wav,fearful,/Users/celinajoudi/.cache/kagglehub/datasets/orvile/toronto-emotional-speech-set-tess/versions/1/OAF_phone_fear.wav,TESS
data/external/tess_processed/fearful/tess_fearful_0124.wav,fearful,/Users/celinajoudi/.cache/kagglehub/datasets/orvile/toronto-emotional-speech-set-tess/versions/1/OAF_pick_fear.wav,TESS
data/external/tess_processed/fearful/tess_fearful_0125.wav,fearful,/Users/celinajoudi/.cache/kagglehub/datasets/orvile/toronto-emotional-speech-set-tess/versions/1/OAF_pike_fear.wav,TESS
data/external/tess_processed/fearful/tess_fearful_0126.wav,fearful,/Users/celinajoudi/.cache/kagglehub/datasets/orvile/toronto-emotional-speech-set-tess/versions/1/OAF_pole_fear.wav,TESS
data/external/tess_processed/fearful/tess_fearful_0127.wav,fearful,/Users/celinajoudi/.cache/kagglehub/datasets/orvile/toronto-emotional-speech-set-tess/versions/1/OAF_pool_fear.wav,TESS
data/external/tess_processed/fearful/tess_fearful_0128.wav,fearful,/Users/celinajoudi/.cache/kagglehub/datasets/orvile/toronto-emotional-speech-set-tess/versions/1/OAF_puff_fear.wav,TESS
data/external/tess_processed/fearful/tess_fearful_0129.wav,fearful,/Users/celinajoudi/.cache/kagglehub/datasets/orvile/toronto-emotional-speech-set-tess/versions/1/OAF_rag_fear.wav,TESS
data/external/tess_processed/fearful/tess_fearful_0130.wav,fearful,/Users/celinajoudi/.cache/kagglehub/datasets/orvile/toronto-emotional-speech-set-tess/versions/1/OAF_raid_fear.wav,TESS
data/external/tess_processed/fearful/tess_fearful_0131.wav,fearful,/Users/celinajoudi/.cache/kagglehub/datasets/orvile/toronto-emotional-speech-set-tess/versions/1/OAF_rain_fear.wav,TESS
data/external/tess_processed/fearful/tess_fearful_0132.wav,fearful,/Users/celinajoudi/.cache/kagglehub/datasets/orvile/toronto-emotional-speech-set-tess/versions/1/OAF_raise_fear.wav,TESS
data/external/tess_processed/fearful/tess_fearful_0133.wav,fearful,/Users/celinajoudi/.cache/kagglehub/datasets/orvile/toronto-emotional-speech-set-tess/versions/1/OAF_rat_fear.wav,TESS
data/external/tess_processed/fearful/tess_fearful_0134.wav,fearful,/Users/celinajoudi/.cache/kagglehub/datasets/orvile/toronto-emotional-speech-set-tess/versions/1/OAF_reach_fear.wav,TESS
data/external/tess_processed/fearful/tess_fearful_0135.wav,fearful,/Users/celinajoudi/.cache/kagglehub/datasets/orvile/toronto-emotional-speech-set-tess/versions/1/OAF_read_fear.wav,TESS
data/external/tess_processed/fearful/tess_fearful_0136.wav,fearful,/Users/celinajoudi/.cache/kagglehub/datasets/orvile/toronto-emotional-speech-set-tess/versions/1/OAF_red_fear.wav,TESS
data/external/tess_processed/fearful/tess_fearful_0137.wav,fearful,/Users/celinajoudi/.cache/kagglehub/datasets/orvile/toronto-emotional-speech-set-tess/versions/1/OAF_ring_fear.wav,TESS
data/external/tess_processed/fearful/tess_fearful_0138.wav,fearful,/Users/celinajoudi/.cache/kagglehub/datasets/orvile/toronto-emotional-speech-set-tess/versions/1/OAF_ripe_fear.wav,TESS
data/external/tess_processed/fearful/tess_fearful_0139.wav,fearful,/Users/celinajoudi/.cache/kagglehub/datasets/orvile/toronto-emotional-speech-set-tess/versions/1/OAF_road_fear.wav,TESS
data/external/tess_processed/fearful/tess_fearful_0140.wav,fearful,/Users/celinajoudi/.cache/kagglehub/datasets/orvile/toronto-emotional-speech-set-tess/versions/1/OAF_room_fear.wav,TESS
data/external/tess_processed/fearful/tess_fearful_0141.wav,fearful,/Users/celinajoudi/.cache/kagglehub/datasets/orvile/toronto-emotional-speech-set-tess/versions/1/OAF_rose_fear.wav,TESS
data/external/tess_processed/fearful/tess_fearful_0142.wav,fearful,/Users/celinajoudi/.cache/kagglehub/datasets/orvile/toronto-emotional-speech-set-tess/versions/1/OAF_rot_fear.wav,TESS
data/external/tess_processed/fearful/tess_fearful_0143.wav,fearful,/Users/celinajoudi/.cache/kagglehub/datasets/orvile/toronto-emotional-speech-set-tess/versions/1/OAF_rough_fear.wav,TESS
data/external/tess_processed/fearful/tess_fearful_0144.wav,fearful,/Users/celinajoudi/.cache/kagglehub/datasets/orvile/toronto-emotional-speech-set-tess/versions/1/OAF_rush_fear.wav,TESS
data/external/tess_processed/fearful/tess_fearful_0145.wav,fearful,/Users/celinajoudi/.cache/kagglehub/datasets/orvile/toronto-emotional-speech-set-tess/versions/1/OAF_said_fear.wav,TESS
data/external/tess_processed/fearful/tess_fearful_0146.wav,fearful,/Users/celinajoudi/.cache/kagglehub/datasets/orvile/toronto-emotional-speech-set-tess/versions/1/OAF_sail_fear.wav,TESS
data/external/tess_processed/fearful/tess_fearful_0147.wav,fearful,/Users/celinajoudi/.cache/kagglehub/datasets/orvile/toronto-emotional-speech-set-tess/versions/1/OAF_search_fear.wav,TESS
data/external/tess_processed/fearful/tess_fearful_0148.wav,fearful,/Users/celinajoudi/.cache/kagglehub/datasets/orvile/toronto-emotional-speech-set-tess/versions/1/OAF_seize_fear.wav,TESS
data/external/tess_processed/fearful/tess_fearful_0149.wav,fearful,/Users/celinajoudi/.cache/kagglehub/datasets/orvile/toronto-emotional-speech-set-tess/versions/1/OAF_sell_fear.wav,TESS
data/external/tess_processed/fearful/tess_fearful_0150.wav,fearful,/Users/celinajoudi/.cache/kagglehub/datasets/orvile/toronto-emotional-speech-set-tess/versions/1/OAF_shack_fear.wav,TESS
data/external/tess_processed/fearful/tess_fearful_0151.wav,fearful,/Users/celinajoudi/.cache/kagglehub/datasets/orvile/toronto-emotional-speech-set-tess/versions/1/OAF_shall_fear.wav,TESS
data/external/tess_processed/fearful/tess_fearful_0152.wav,fearful,/Users/celinajoudi/.cache/kagglehub/datasets/orvile/toronto-emotional-speech-set-tess/versions/1/OAF_shawl_fear.wav,TESS
data/external/tess_processed/fearful/tess_fearful_0153.wav,fearful,/Users/celinajoudi/.cache/kagglehub/datasets/orvile/toronto-emotional-speech-set-tess/versions/1/OAF_sheep_fear.wav,TESS
data/external/tess_processed/fearful/tess_fearful_0154.wav,fearful,/Users/celinajoudi/.cache/kagglehub/datasets/orvile/toronto-emotional-speech-set-tess/versions/1/OAF_shirt_fear.wav,TESS
data/external/tess_processed/fearful/tess_fearful_0155.wav,fearful,/Users/celinajoudi/.cache/kagglehub/datasets/orvile/toronto-emotional-speech-set-tess/versions/1/OAF_should_fear.wav,TESS
data/external/tess_processed/fearful/tess_fearful_0156.wav,fearful,/Users/celinajoudi/.cache/kagglehub/datasets/orvile/toronto-emotional-speech-set-tess/versions/1/OAF_shout_fear.wav,TESS
data/external/tess_processed/fearful/tess_fearful_0157.wav,fearful,/Users/celinajoudi/.cache/kagglehub/datasets/orvile/toronto-emotional-speech-set-tess/versions/1/OAF_size_fear.wav,TESS
data/external/tess_processed/fearful/tess_fearful_0158.wav,fearful,/Users/celinajoudi/.cache/kagglehub/datasets/orvile/toronto-emotional-speech-set-tess/versions/1/OAF_soap_fear.wav,TESS
data/external/tess_processed/fearful/tess_fearful_0159.wav,fearful,/Users/celinajoudi/.cache/kagglehub/datasets/orvile/toronto-emotional-speech-set-tess/versions/1/OAF_soup_fear.wav,TESS
data/external/tess_processed/fearful/tess_fearful_0160.wav,fearful,/Users/celinajoudi/.cache/kagglehub/datasets/orvile/toronto-emotional-speech-set-tess/versions/1/OAF_sour_fear.wav,TESS
data/external/tess_processed/fearful/tess_fearful_0161.wav,fearful,/Users/celinajoudi/.cache/kagglehub/datasets/orvile/toronto-emotional-speech-set-tess/versions/1/OAF_south_fear.wav,TESS
data/external/tess_processed/fearful/tess_fearful_0162.wav,fearful,/Users/celinajoudi/.cache/kagglehub/datasets/orvile/toronto-emotional-speech-set-tess/versions/1/OAF_sub_fear.wav,TESS
data/external/tess_processed/fearful/tess_fearful_0163.wav,fearful,/Users/celinajoudi/.cache/kagglehub/datasets/orvile/toronto-emotional-speech-set-tess/versions/1/OAF_such_fear.wav,TESS
data/external/tess_processed/fearful/tess_fearful_0164.wav,fearful,/Users/celinajoudi/.cache/kagglehub/datasets/orvile/toronto-emotional-speech-set-tess/versions/1/OAF_sure_fear.wav,TESS
data/external/tess_processed/fearful/tess_fearful_0165.wav,fearful,/Users/celinajoudi/.cache/kagglehub/datasets/orvile/toronto-emotional-speech-set-tess/versions/1/OAF_take_fear.wav,TESS
data/external/tess_processed/fearful/tess_fearful_0166.wav,fearful,/Users/celinajoudi/.cache/kagglehub/datasets/orvile/toronto-emotional-speech-set-tess/versions/1/OAF_talk_fear.wav,TESS
data/external/tess_processed/fearful/tess_fearful_0167.wav,fearful,/Users/celinajoudi/.cache/kagglehub/datasets/orvile/toronto-emotional-speech-set-tess/versions/1/OAF_tape_fear.wav,TESS
data/external/tess_processed/fearful/tess_fearful_0168.wav,fearful,/Users/celinajoudi/.cache/kagglehub/datasets/orvile/toronto-emotional-speech-set-tess/versions/1/OAF_team_fear.wav,TESS
data/external/tess_processed/fearful/tess_fearful_0169.wav,fearful,/Users/celinajoudi/.cache/kagglehub/datasets/orvile/toronto-emotional-speech-set-tess/versions/1/OAF_tell_fear.wav,TESS
data/external/tess_processed/fearful/tess_fearful_0170.wav,fearful,/Users/celinajoudi/.cache/kagglehub/datasets/orvile/toronto-emotional-speech-set-tess/versions/1/OAF_thin_fear.wav,TESS
data/external/tess_processed/fearful/tess_fearful_0171.wav,fearful,/Users/celinajoudi/.cache/kagglehub/datasets/orvile/toronto-emotional-speech-set-tess/versions/1/OAF_third_fear.wav,TESS
data/external/tess_processed/fearful/tess_fearful_0172.wav,fearful,/Users/celinajoudi/.cache/kagglehub/datasets/orvile/toronto-emotional-speech-set-tess/versions/1/OAF_thought_fear.wav,TESS
data/external/tess_processed/fearful/tess_fearful_0173.wav,fearful,/Users/celinajoudi/.cache/kagglehub/datasets/orvile/toronto-emotional-speech-set-tess/versions/1/OAF_thumb_fear.wav,TESS
data/external/tess_processed/fearful/tess_fearful_0174.wav,fearful,/Users/celinajoudi/.cache/kagglehub/datasets/orvile/toronto-emotional-speech-set-tess/versions/1/OAF_time_fear.wav,TESS
data/external/tess_processed/fearful/tess_fearful_0175.wav,fearful,/Users/celinajoudi/.cache/kagglehub/datasets/orvile/toronto-emotional-speech-set-tess/versions/1/OAF_tip_fear.wav,TESS
data/external/tess_processed/fearful/tess_fearful_0176.wav,fearful,/Users/celinajoudi/.cache/kagglehub/datasets/orvile/toronto-emotional-speech-set-tess/versions/1/OAF_tire_fear.wav,TESS
data/external/tess_processed/fearful/tess_fearful_0177.wav,fearful,/Users/celinajoudi/.cache/kagglehub/datasets/orvile/toronto-emotional-speech-set-tess/versions/1/OAF_ton_fear.wav,TESS
data/external/tess_processed/fearful/tess_fearful_0178.wav,fearful,/Users/celinajoudi/.cache/kagglehub/datasets/orvile/toronto-emotional-speech-set-tess/versions/1/OAF_tool_fear.wav,TESS
data/external/tess_processed/fearful/tess_fearful_0179.wav,fearful,/Users/celinajoudi/.cache/kagglehub/datasets/orvile/toronto-emotional-speech-set-tess/versions/1/OAF_tough_fear.wav,TESS
data/external/tess_processed/fearful/tess_fearful_0180.wav,fearful,/Users/celinajoudi/.cache/kagglehub/datasets/orvile/toronto-emotional-speech-set-tess/versions/1/OAF_turn_fear.wav,TESS
data/external/tess_processed/fearful/tess_fearful_0181.wav,fearful,/Users/celinajoudi/.cache/kagglehub/datasets/orvile/toronto-emotional-speech-set-tess/versions/1/OAF_vine_fear.wav,TESS
data/external/tess_processed/fearful/tess_fearful_0182.wav,fearful,/Users/celinajoudi/.cache/kagglehub/datasets/orvile/toronto-emotional-speech-set-tess/versions/1/OAF_voice_fear.wav,TESS
data/external/tess_processed/fearful/tess_fearful_0183.wav,fearful,/Users/celinajoudi/.cache/kagglehub/datasets/orvile/toronto-emotional-speech-set-tess/versions/1/OAF_void_fear.wav,TESS
data/external/tess_processed/fearful/tess_fearful_0184.wav,fearful,/Users/celinajoudi/.cache/kagglehub/datasets/orvile/toronto-emotional-speech-set-tess/versions/1/OAF_vote_fear.wav,TESS
data/external/tess_processed/fearful/tess_fearful_0185.wav,fearful,/Users/celinajoudi/.cache/kagglehub/datasets/orvile/toronto-emotional-speech-set-tess/versions/1/OAF_wag_fear.wav,TESS
data/external/tess_processed/fearful/tess_fearful_0186.wav,fearful,/Users/celinajoudi/.cache/kagglehub/datasets/orvile/toronto-emotional-speech-set-tess/versions/1/OAF_walk_fear.wav,TESS
data/external/tess_processed/fearful/tess_fearful_0187.wav,fearful,/Users/celinajoudi/.cache/kagglehub/datasets/orvile/toronto-emotional-speech-set-tess/versions/1/OAF_wash_fear.wav,TESS
data/external/tess_processed/fearful/tess_fearful_0188.wav,fearful,/Users/celinajoudi/.cache/kagglehub/datasets/orvile/toronto-emotional-speech-set-tess/versions/1/OAF_week_fear.wav,TESS
data/external/tess_processed/fearful/tess_fearful_0189.wav,fearful,/Users/celinajoudi/.cache/kagglehub/datasets/orvile/toronto-emotional-speech-set-tess/versions/1/OAF_wheat_fear.wav,TESS
data/external/tess_processed/fearful/tess_fearful_0190.wav,fearful,/Users/celinajoudi/.cache/kagglehub/datasets/orvile/toronto-emotional-speech-set-tess/versions/1/OAF_when_fear.wav,TESS
data/external/tess_processed/fearful/tess_fearful_0191.wav,fearful,/Users/celinajoudi/.cache/kagglehub/datasets/orvile/toronto-emotional-speech-set-tess/versions/1/OAF_which_fear.wav,TESS
data/external/tess_processed/fearful/tess_fearful_0192.wav,fearful,/Users/celinajoudi/.cache/kagglehub/datasets/orvile/toronto-emotional-speech-set-tess/versions/1/OAF_whip_fear.wav,TESS
data/external/tess_processed/fearful/tess_fearful_0193.wav,fearful,/Users/celinajoudi/.cache/kagglehub/datasets/orvile/toronto-emotional-speech-set-tess/versions/1/OAF_white_fear.wav,TESS
data/external/tess_processed/fearful/tess_fearful_0194.wav,fearful,/Users/celinajoudi/.cache/kagglehub/datasets/orvile/toronto-emotional-speech-set-tess/versions/1/OAF_wife_fear.wav,TESS
data/external/tess_processed/fearful/tess_fearful_0195.wav,fearful,/Users/celinajoudi/.cache/kagglehub/datasets/orvile/toronto-emotional-speech-set-tess/versions/1/OAF_wire_fear.wav,TESS
data/external/tess_processed/fearful/tess_fearful_0196.wav,fearful,/Users/celinajoudi/.cache/kagglehub/datasets/orvile/toronto-emotional-speech-set-tess/versions/1/OAF_witch_fear.wav,TESS
data/external/tess_processed/fearful/tess_fearful_0197.wav,fearful,/Users/celinajoudi/.cache/kagglehub/datasets/orvile/toronto-emotional-speech-set-tess/versions/1/OAF_yearn_fear.wav,TESS
data/external/tess_processed/fearful/tess_fearful_0198.wav,fearful,/Users/celinajoudi/.cache/kagglehub/datasets/orvile/toronto-emotional-speech-set-tess/versions/1/OAF_yes_fear.wav,TESS
data/external/tess_processed/fearful/tess_fearful_0199.wav,fearful,/Users/celinajoudi/.cache/kagglehub/datasets/orvile/toronto-emotional-speech-set-tess/versions/1/OAF_young_fear.wav,TESS
data/external/tess_processed/fearful/tess_fearful_0200.wav,fearful,/Users/celinajoudi/.cache/kagglehub/datasets/orvile/toronto-emotional-speech-set-tess/versions/1/OAF_youth_fear.wav,TESS
data/external/tess_processed/fearful/tess_fearful_0201.wav,fearful,/Users/celinajoudi/.cache/kagglehub/datasets/orvile/toronto-emotional-speech-set-tess/versions/1/YAF_back_fear.wav,TESS
data/external/tess_processed/fearful/tess_fearful_0202.wav,fearful,/Users/celinajoudi/.cache/kagglehub/datasets/orvile/toronto-emotional-speech-set-tess/versions/1/YAF_bar_fear.wav,TESS
data/external/tess_processed/fearful/tess_fearful_0203.wav,fearful,/Users/celinajoudi/.cache/kagglehub/datasets/orvile/toronto-emotional-speech-set-tess/versions/1/YAF_base_fear.wav,TESS
data/external/tess_processed/fearful/tess_fearful_0204.wav,fearful,/Users/celinajoudi/.cache/kagglehub/datasets/orvile/toronto-emotional-speech-set-tess/versions/1/YAF_bath_fear.wav,TESS
data/external/tess_processed/fearful/tess_fearful_0205.wav,fearful,/Users/celinajoudi/.cache/kagglehub/datasets/orvile/toronto-emotional-speech-set-tess/versions/1/YAF_bean_fear.wav,TESS
data/external/tess_processed/fearful/tess_fearful_0206.wav,fearful,/Users/celinajoudi/.cache/kagglehub/datasets/orvile/toronto-emotional-speech-set-tess/versions/1/YAF_beg_fear.wav,TESS
data/external/tess_processed/fearful/tess_fearful_0207.wav,fearful,/Users/celinajoudi/.cache/kagglehub/datasets/orvile/toronto-emotional-speech-set-tess/versions/1/YAF_bite_fear.wav,TESS
data/external/tess_processed/fearful/tess_fearful_0208.wav,fearful,/Users/celinajoudi/.cache/kagglehub/datasets/orvile/toronto-emotional-speech-set-tess/versions/1/YAF_boat_fear.wav,TESS
data/external/tess_processed/fearful/tess_fearful_0209.wav,fearful,/Users/celinajoudi/.cache/kagglehub/datasets/orvile/toronto-emotional-speech-set-tess/versions/1/YAF_bone_fear.wav,TESS
data/external/tess_processed/fearful/tess_fearful_0210.wav,fearful,/Users/celinajoudi/.cache/kagglehub/datasets/orvile/toronto-emotional-speech-set-tess/versions/1/YAF_book_fear.wav,TESS
data/external/tess_processed/fearful/tess_fearful_0211.wav,fearful,/Users/celinajoudi/.cache/kagglehub/datasets/orvile/toronto-emotional-speech-set-tess/versions/1/YAF_bought_fear.wav,TESS
data/external/tess_processed/fearful/tess_fearful_0212.wav,fearful,/Users/celinajoudi/.cache/kagglehub/datasets/orvile/toronto-emotional-speech-set-tess/versions/1/YAF_burn_fear.wav,TESS
data/external/tess_processed/fearful/tess_fearful_0213.wav,fearful,/Users/celinajoudi/.cache/kagglehub/datasets/orvile/toronto-emotional-speech-set-tess/versions/1/YAF_cab_fear.wav,TESS
data/external/tess_processed/fearful/tess_fearful_0214.wav,fearful,/Users/celinajoudi/.cache/kagglehub/datasets/orvile/toronto-emotional-speech-set-tess/versions/1/YAF_calm_fear.wav,TESS
data/external/tess_processed/fearful/tess_fearful_0215.wav,fearful,/Users/celinajoudi/.cache/kagglehub/datasets/orvile/toronto-emotional-speech-set-tess/versions/1/YAF_came_fear.wav,TESS
data/external/tess_processed/fearful/tess_fearful_0216.wav,fearful,/Users/celinajoudi/.cache/kagglehub/datasets/orvile/toronto-emotional-speech-set-tess/versions/1/YAF_cause_fear.wav,TESS
data/external/tess_processed/fearful/tess_fearful_0217.wav,fearful,/Users/celinajoudi/.cache/kagglehub/datasets/orvile/toronto-emotional-speech-set-tess/versions/1/YAF_chain_fear.wav,TESS
data/external/tess_processed/fearful/tess_fearful_0218.wav,fearful,/Users/celinajoudi/.cache/kagglehub/datasets/orvile/toronto-emotional-speech-set-tess/versions/1/YAF_chair_fear.wav,TESS
data/external/tess_processed/fearful/tess_fearful_0219.wav,fearful,/Users/celinajoudi/.cache/kagglehub/datasets/orvile/toronto-emotional-speech-set-tess/versions/1/YAF_chalk_fear.wav,TESS
data/external/tess_processed/fearful/tess_fearful_0220.wav,fearful,/Users/celinajoudi/.cache/kagglehub/datasets/orvile/toronto-emotional-speech-set-tess/versions/1/YAF_chat_fear.wav,TESS
data/external/tess_processed/fearful/tess_fearful_0221.wav,fearful,/Users/celinajoudi/.cache/kagglehub/datasets/orvile/toronto-emotional-speech-set-tess/versions/1/YAF_check_fear.wav,TESS
data/external/tess_processed/fearful/tess_fearful_0222.wav,fearful,/Users/celinajoudi/.cache/kagglehub/datasets/orvile/toronto-emotional-speech-set-tess/versions/1/YAF_cheek_fear.wav,TESS
data/external/tess_processed/fearful/tess_fearful_0223.wav,fearful,/Users/celinajoudi/.cache/kagglehub/datasets/orvile/toronto-emotional-speech-set-tess/versions/1/YAF_chief_fear.wav,TESS
data/external/tess_processed/fearful/tess_fearful_0224.wav,fearful,/Users/celinajoudi/.cache/kagglehub/datasets/orvile/toronto-emotional-speech-set-tess/versions/1/YAF_choice_fear.wav,TESS
data/external/tess_processed/fearful/tess_fearful_0225.wav,fearful,/Users/celinajoudi/.cache/kagglehub/datasets/orvile/toronto-emotional-speech-set-tess/versions/1/YAF_cool_fear.wav,TESS
data/external/tess_processed/fearful/tess_fearful_0226.wav,fearful,/Users/celinajoudi/.cache/kagglehub/datasets/orvile/toronto-emotional-speech-set-tess/versions/1/YAF_dab_fear.wav,TESS
data/external/tess_processed/fearful/tess_fearful_0227.wav,fearful,/Users/celinajoudi/.cache/kagglehub/datasets/orvile/toronto-emotional-speech-set-tess/versions/1/YAF_date_fear.wav,TESS
data/external/tess_processed/fearful/tess_fearful_0228.wav,fearful,/Users/celinajoudi/.cache/kagglehub/datasets/orvile/toronto-emotional-speech-set-tess/versions/1/YAF_dead_fear.wav,TESS
data/external/tess_processed/fearful/tess_fearful_0229.wav,fearful,/Users/celinajoudi/.cache/kagglehub/datasets/orvile/toronto-emotional-speech-set-tess/versions/1/YAF_death_fear.wav,TESS
data/external/tess_processed/fearful/tess_fearful_0230.wav,fearful,/Users/celinajoudi/.cache/kagglehub/datasets/orvile/toronto-emotional-speech-set-tess/versions/1/YAF_deep_fear.wav,TESS
data/external/tess_processed/fearful/tess_fearful_0231.wav,fearful,/Users/celinajoudi/.cache/kagglehub/datasets/orvile/toronto-emotional-speech-set-tess/versions/1/YAF_dime_fear.wav,TESS
data/external/tess_processed/fearful/tess_fearful_0232.wav,fearful,/Users/celinajoudi/.cache/kagglehub/datasets/orvile/toronto-emotional-speech-set-tess/versions/1/YAF_dip_fear.wav,TESS
data/external/tess_processed/fearful/tess_fearful_0233.wav,fearful,/Users/celinajoudi/.cache/kagglehub/datasets/orvile/toronto-emotional-speech-set-tess/versions/1/YAF_ditch_fear.wav,TESS
data/external/tess_processed/fearful/tess_fearful_0234.wav,fearful,/Users/celinajoudi/.cache/kagglehub/datasets/orvile/toronto-emotional-speech-set-tess/versions/1/YAF_dodge_fear.wav,TESS
data/external/tess_processed/fearful/tess_fearful_0235.wav,fearful,/Users/celinajoudi/.cache/kagglehub/datasets/orvile/toronto-emotional-speech-set-tess/versions/1/YAF_dog_fear.wav,TESS
data/external/tess_processed/fearful/tess_fearful_0236.wav,fearful,/Users/celinajoudi/.cache/kagglehub/datasets/orvile/toronto-emotional-speech-set-tess/versions/1/YAF_doll_fear.wav,TESS
data/external/tess_processed/fearful/tess_fearful_0237.wav,fearful,/Users/celinajoudi/.cache/kagglehub/datasets/orvile/toronto-emotional-speech-set-tess/versions/1/YAF_door_fear.wav,TESS
data/external/tess_processed/fearful/tess_fearful_0238.wav,fearful,/Users/celinajoudi/.cache/kagglehub/datasets/orvile/toronto-emotional-speech-set-tess/versions/1/YAF_fail_fear.wav,TESS
data/external/tess_processed/fearful/tess_fearful_0239.wav,fearful,/Users/celinajoudi/.cache/kagglehub/datasets/orvile/toronto-emotional-speech-set-tess/versions/1/YAF_fall_fear.wav,TESS
data/external/tess_processed/fearful/tess_fearful_0240.wav,fearful,/Users/celinajoudi/.cache/kagglehub/datasets/orvile/toronto-emotional-speech-set-tess/versions/1/YAF_far_fear.wav,TESS
data/external/tess_processed/fearful/tess_fearful_0241.wav,fearful,/Users/celinajoudi/.cache/kagglehub/datasets/orvile/toronto-emotional-speech-set-tess/versions/1/YAF_fat_fear.wav,TESS
data/external/tess_processed/fearful/tess_fearful_0242.wav,fearful,/Users/celinajoudi/.cache/kagglehub/datasets/orvile/toronto-emotional-speech-set-tess/versions/1/YAF_fit_fear.wav,TESS
data/external/tess_processed/fearful/tess_fearful_0243.wav,fearful,/Users/celinajoudi/.cache/kagglehub/datasets/orvile/toronto-emotional-speech-set-tess/versions/1/YAF_five_fear.wav,TESS
data/external/tess_processed/fearful/tess_fearful_0244.wav,fearful,/Users/celinajoudi/.cache/kagglehub/datasets/orvile/toronto-emotional-speech-set-tess/versions/1/YAF_food_fear.wav,TESS
data/external/tess_processed/fearful/tess_fearful_0245.wav,fearful,/Users/celinajoudi/.cache/kagglehub/datasets/orvile/toronto-emotional-speech-set-tess/versions/1/YAF_gap_fear.wav,TESS
data/external/tess_processed/fearful/tess_fearful_0246.wav,fearful,/Users/celinajoudi/.cache/kagglehub/datasets/orvile/toronto-emotional-speech-set-tess/versions/1/YAF_gas_fear.wav,TESS
data/external/tess_processed/fearful/tess_fearful_0247.wav,fearful,/Users/celinajoudi/.cache/kagglehub/datasets/orvile/toronto-emotional-speech-set-tess/versions/1/YAF_gaze_fear.wav,TESS
data/external/tess_processed/fearful/tess_fearful_0248.wav,fearful,/Users/celinajoudi/.cache/kagglehub/datasets/orvile/toronto-emotional-speech-set-tess/versions/1/YAF_germ_fear.wav,TESS
data/external/tess_processed/fearful/tess_fearful_0249.wav,fearful,/Users/celinajoudi/.cache/kagglehub/datasets/orvile/toronto-emotional-speech-set-tess/versions/1/YAF_get_fear.wav,TESS
data/external/tess_processed/fearful/tess_fearful_0250.wav,fearful,/Users/celinajoudi/.cache/kagglehub/datasets/orvile/toronto-emotional-speech-set-tess/versions/1/YAF_gin_fear.wav,TESS
data/external/tess_processed/fearful/tess_fearful_0251.wav,fearful,/Users/celinajoudi/.cache/kagglehub/datasets/orvile/toronto-emotional-speech-set-tess/versions/1/YAF_goal_fear.wav,TESS
data/external/tess_processed/fearful/tess_fearful_0252.wav,fearful,/Users/celinajoudi/.cache/kagglehub/datasets/orvile/toronto-emotional-speech-set-tess/versions/1/YAF_good_fear.wav,TESS
data/external/tess_processed/fearful/tess_fearful_0253.wav,fearful,/Users/celinajoudi/.cache/kagglehub/datasets/orvile/toronto-emotional-speech-set-tess/versions/1/YAF_goose_fear.wav,TESS
data/external/tess_processed/fearful/tess_fearful_0254.wav,fearful,/Users/celinajoudi/.cache/kagglehub/datasets/orvile/toronto-emotional-speech-set-tess/versions/1/YAF_gun_fear.wav,TESS
data/external/tess_processed/fearful/tess_fearful_0255.wav,fearful,/Users/celinajoudi/.cache/kagglehub/datasets/orvile/toronto-emotional-speech-set-tess/versions/1/YAF_half_fear.wav,TESS
data/external/tess_processed/fearful/tess_fearful_0256.wav,fearful,/Users/celinajoudi/.cache/kagglehub/datasets/orvile/toronto-emotional-speech-set-tess/versions/1/YAF_hall_fear.wav,TESS
data/external/tess_processed/fearful/tess_fearful_0257.wav,fearful,/Users/celinajoudi/.cache/kagglehub/datasets/orvile/toronto-emotional-speech-set-tess/versions/1/YAF_hash_fear.wav,TESS
data/external/tess_processed/fearful/tess_fearful_0258.wav,fearful,/Users/celinajoudi/.cache/kagglehub/datasets/orvile/toronto-emotional-speech-set-tess/versions/1/YAF_hate_fear.wav,TESS
data/external/tess_processed/fearful/tess_fearful_0259.wav,fearful,/Users/celinajoudi/.cache/kagglehub/datasets/orvile/toronto-emotional-speech-set-tess/versions/1/YAF_have_fear.wav,TESS
data/external/tess_processed/fearful/tess_fearful_0260.wav,fearful,/Users/celinajoudi/.cache/kagglehub/datasets/orvile/toronto-emotional-speech-set-tess/versions/1/YAF_haze_fear.wav,TESS
data/external/tess_processed/fearful/tess_fearful_0261.wav,fearful,/Users/celinajoudi/.cache/kagglehub/datasets/orvile/toronto-emotional-speech-set-tess/versions/1/YAF_hire_fear.wav,TESS
data/external/tess_processed/fearful/tess_fearful_0262.wav,fearful,/Users/celinajoudi/.cache/kagglehub/datasets/orvile/toronto-emotional-speech-set-tess/versions/1/YAF_hit_fear.wav,TESS
data/external/tess_processed/fearful/tess_fearful_0263.wav,fearful,/Users/celinajoudi/.cache/kagglehub/datasets/orvile/toronto-emotional-speech-set-tess/versions/1/YAF_hole_fear.wav,TESS
data/external/tess_processed/fearful/tess_fearful_0264.wav,fearful,/Users/celinajoudi/.cache/kagglehub/datasets/orvile/toronto-emotional-speech-set-tess/versions/1/YAF_home_fear.wav,TESS
data/external/tess_processed/fearful/tess_fearful_0265.wav,fearful,/Users/celinajoudi/.cache/kagglehub/datasets/orvile/toronto-emotional-speech-set-tess/versions/1/YAF_hurl_fear.wav,TESS
data/external/tess_processed/fearful/tess_fearful_0266.wav,fearful,/Users/celinajoudi/.cache/kagglehub/datasets/orvile/toronto-emotional-speech-set-tess/versions/1/YAF_hush_fear.wav,TESS
data/external/tess_processed/fearful/tess_fearful_0267.wav,fearful,/Users/celinajoudi/.cache/kagglehub/datasets/orvile/toronto-emotional-speech-set-tess/versions/1/YAF_jail_fear.wav,TESS
data/external/tess_processed/fearful/tess_fearful_0268.wav,fearful,/Users/celinajoudi/.cache/kagglehub/datasets/orvile/toronto-emotional-speech-set-tess/versions/1/YAF_jar_fear.wav,TESS
data/external/tess_processed/fearful/tess_fearful_0269.wav,fearful,/Users/celinajoudi/.cache/kagglehub/datasets/orvile/toronto-emotional-speech-set-tess/versions/1/YAF_join_fear.wav,TESS
data/external/tess_processed/fearful/tess_fearful_0270.wav,fearful,/Users/celinajoudi/.cache/kagglehub/datasets/orvile/toronto-emotional-speech-set-tess/versions/1/YAF_judge_fear.wav,TESS
data/external/tess_processed/fearful/tess_fearful_0271.wav,fearful,/Users/celinajoudi/.cache/kagglehub/datasets/orvile/toronto-emotional-speech-set-tess/versions/1/YAF_jug_fear.wav,TESS
data/external/tess_processed/fearful/tess_fearful_0272.wav,fearful,/Users/celinajoudi/.cache/kagglehub/datasets/orvile/toronto-emotional-speech-set-tess/versions/1/YAF_juice_fear.wav,TESS
data/external/tess_processed/fearful/tess_fearful_0273.wav,fearful,/Users/celinajoudi/.cache/kagglehub/datasets/orvile/toronto-emotional-speech-set-tess/versions/1/YAF_keen_fear.wav,TESS
data/external/tess_processed/fearful/tess_fearful_0274.wav,fearful,/Users/celinajoudi/.cache/kagglehub/datasets/orvile/toronto-emotional-speech-set-tess/versions/1/YAF_keep_fear.wav,TESS
data/external/tess_processed/fearful/tess_fearful_0275.wav,fearful,/Users/celinajoudi/.cache/kagglehub/datasets/orvile/toronto-emotional-speech-set-tess/versions/1/YAF_keg_fear.wav,TESS
data/external/tess_processed/fearful/tess_fearful_0276.wav,fearful,/Users/celinajoudi/.cache/kagglehub/datasets/orvile/toronto-emotional-speech-set-tess/versions/1/YAF_kick_fear.wav,TESS
data/external/tess_processed/fearful/tess_fearful_0277.wav,fearful,/Users/celinajoudi/.cache/kagglehub/datasets/orvile/toronto-emotional-speech-set-tess/versions/1/YAF_kill_fear.wav,TESS
data/external/tess_processed/fearful/tess_fearful_0278.wav,fearful,/Users/celinajoudi/.cache/kagglehub/datasets/orvile/toronto-emotional-speech-set-tess/versions/1/YAF_king_fear.wav,TESS
data/external/tess_processed/fearful/tess_fearful_0279.wav,fearful,/Users/celinajoudi/.cache/kagglehub/datasets/orvile/toronto-emotional-speech-set-tess/versions/1/YAF_kite_fear.wav,TESS
data/external/tess_processed/fearful/tess_fearful_0280.wav,fearful,/Users/celinajoudi/.cache/kagglehub/datasets/orvile/toronto-emotional-speech-set-tess/versions/1/YAF_knock_fear.wav,TESS
data/external/tess_processed/fearful/tess_fearful_0281.wav,fearful,/Users/celinajoudi/.cache/kagglehub/datasets/orvile/toronto-emotional-speech-set-tess/versions/1/YAF_late_fear.wav,TESS
data/external/tess_processed/fearful/tess_fearful_0282.wav,fearful,/Users/celinajoudi/.cache/kagglehub/datasets/orvile/toronto-emotional-speech-set-tess/versions/1/YAF_laud_fear.wav,TESS
data/external/tess_processed/fearful/tess_fearful_0283.wav,fearful,/Users/celinajoudi/.cache/kagglehub/datasets/orvile/toronto-emotional-speech-set-tess/versions/1/YAF_lean_fear.wav,TESS
data/external/tess_processed/fearful/tess_fearful_0284.wav,fearful,/Users/celinajoudi/.cache/kagglehub/datasets/orvile/toronto-emotional-speech-set-tess/versions/1/YAF_learn_fear.wav,TESS
data/external/tess_processed/fearful/tess_fearful_0285.wav,fearful,/Users/celinajoudi/.cache/kagglehub/datasets/orvile/toronto-emotional-speech-set-tess/versions/1/YAF_lease_fear.wav,TESS
data/external/tess_processed/fearful/tess_fearful_0286.wav,fearful,/Users/celinajoudi/.cache/kagglehub/datasets/orvile/toronto-emotional-speech-set-tess/versions/1/YAF_lid_fear.wav,TESS
data/external/tess_processed/fearful/tess_fearful_0287.wav,fearful,/Users/celinajoudi/.cache/kagglehub/datasets/orvile/toronto-emotional-speech-set-tess/versions/1/YAF_life_fear.wav,TESS
data/external/tess_processed/fearful/tess_fearful_0288.wav,fearful,/Users/celinajoudi/.cache/kagglehub/datasets/orvile/toronto-emotional-speech-set-tess/versions/1/YAF_limb_fear.wav,TESS
data/external/tess_processed/fearful/tess_fearful_0289.wav,fearful,/Users/celinajoudi/.cache/kagglehub/datasets/orvile/toronto-emotional-speech-set-tess/versions/1/YAF_live_fear.wav,TESS
data/external/tess_processed/fearful/tess_fearful_0290.wav,fearful,/Users/celinajoudi/.cache/kagglehub/datasets/orvile/toronto-emotional-speech-set-tess/versions/1/YAF_loaf_fear.wav,TESS
data/external/tess_processed/fearful/tess_fearful_0291.wav,fearful,/Users/celinajoudi/.cache/kagglehub/datasets/orvile/toronto-emotional-speech-set-tess/versions/1/YAF_long_fear.wav,TESS
data/external/tess_processed/fearful/tess_fearful_0292.wav,fearful,/Users/celinajoudi/.cache/kagglehub/datasets/orvile/toronto-emotional-speech-set-tess/versions/1/YAF_lore_fear.wav,TESS
data/external/tess_processed/fearful/tess_fearful_0293.wav,fearful,/Users/celinajoudi/.cache/kagglehub/datasets/orvile/toronto-emotional-speech-set-tess/versions/1/YAF_lose_fear.wav,TESS
data/external/tess_processed/fearful/tess_fearful_0294.wav,fearful,/Users/celinajoudi/.cache/kagglehub/datasets/orvile/toronto-emotional-speech-set-tess/versions/1/YAF_lot_fear.wav,TESS
data/external/tess_processed/fearful/tess_fearful_0295.wav,fearful,/Users/celinajoudi/.cache/kagglehub/datasets/orvile/toronto-emotional-speech-set-tess/versions/1/YAF_love_fear.wav,TESS
data/external/tess_processed/fearful/tess_fearful_0296.wav,fearful,/Users/celinajoudi/.cache/kagglehub/datasets/orvile/toronto-emotional-speech-set-tess/versions/1/YAF_luck_fear.wav,TESS
data/external/tess_processed/fearful/tess_fearful_0297.wav,fearful,/Users/celinajoudi/.cache/kagglehub/datasets/orvile/toronto-emotional-speech-set-tess/versions/1/YAF_make_fear.wav,TESS
data/external/tess_processed/fearful/tess_fearful_0298.wav,fearful,/Users/celinajoudi/.cache/kagglehub/datasets/orvile/toronto-emotional-speech-set-tess/versions/1/YAF_match_fear.wav,TESS
data/external/tess_processed/fearful/tess_fearful_0299.wav,fearful,/Users/celinajoudi/.cache/kagglehub/datasets/orvile/toronto-emotional-speech-set-tess/versions/1/YAF_merge_fear.wav,TESS
data/external/tess_processed/fearful/tess_fearful_0300.wav,fearful,/Users/celinajoudi/.cache/kagglehub/datasets/orvile/toronto-emotional-speech-set-tess/versions/1/YAF_mess_fear.wav,TESS
data/external/tess_processed/fearful/tess_fearful_0301.wav,fearful,/Users/celinajoudi/.cache/kagglehub/datasets/orvile/toronto-emotional-speech-set-tess/versions/1/YAF_met_fear.wav,TESS
data/external/tess_processed/fearful/tess_fearful_0302.wav,fearful,/Users/celinajoudi/.cache/kagglehub/datasets/orvile/toronto-emotional-speech-set-tess/versions/1/YAF_mill_fear.wav,TESS
data/external/tess_processed/fearful/tess_fearful_0303.wav,fearful,/Users/celinajoudi/.cache/kagglehub/datasets/orvile/toronto-emotional-speech-set-tess/versions/1/YAF_mob_fear.wav,TESS
data/external/tess_processed/fearful/tess_fearful_0304.wav,fearful,/Users/celinajoudi/.cache/kagglehub/datasets/orvile/toronto-emotional-speech-set-tess/versions/1/YAF_mode_fear.wav,TESS
data/external/tess_processed/fearful/tess_fearful_0305.wav,fearful,/Users/celinajoudi/.cache/kagglehub/datasets/orvile/toronto-emotional-speech-set-tess/versions/1/YAF_mood_fear.wav,TESS
data/external/tess_processed/fearful/tess_fearful_0306.wav,fearful,/Users/celinajoudi/.cache/kagglehub/datasets/orvile/toronto-emotional-speech-set-tess/versions/1/YAF_moon_fear.wav,TESS
data/external/tess_processed/fearful/tess_fearful_0307.wav,fearful,/Users/celinajoudi/.cache/kagglehub/datasets/orvile/toronto-emotional-speech-set-tess/versions/1/YAF_mop_fear.wav,TESS
data/external/tess_processed/fearful/tess_fearful_0308.wav,fearful,/Users/celinajoudi/.cache/kagglehub/datasets/orvile/toronto-emotional-speech-set-tess/versions/1/YAF_mouse_fear.wav,TESS
data/external/tess_processed/fearful/tess_fearful_0309.wav,fearful,/Users/celinajoudi/.cache/kagglehub/datasets/orvile/toronto-emotional-speech-set-tess/versions/1/YAF_nag_fear.wav,TESS
data/external/tess_processed/fearful/tess_fearful_0310.wav,fearful,/Users/celinajoudi/.cache/kagglehub/datasets/orvile/toronto-emotional-speech-set-tess/versions/1/YAF_name_fear.wav,TESS
data/external/tess_processed/fearful/tess_fearful_0311.wav,fearful,/Users/celinajoudi/.cache/kagglehub/datasets/orvile/toronto-emotional-speech-set-tess/versions/1/YAF_near_fear.wav,TESS
data/external/tess_processed/fearful/tess_fearful_0312.wav,fearful,/Users/celinajoudi/.cache/kagglehub/datasets/orvile/toronto-emotional-speech-set-tess/versions/1/YAF_neat_fear.wav,TESS
data/external/tess_processed/fearful/tess_fearful_0313.wav,fearful,/Users/celinajoudi/.cache/kagglehub/datasets/orvile/toronto-emotional-speech-set-tess/versions/1/YAF_nice_fear.wav,TESS
data/external/tess_processed/fearful/tess_fearful_0314.wav,fearful,/Users/celinajoudi/.cache/kagglehub/datasets/orvile/toronto-emotional-speech-set-tess/versions/1/YAF_note_fear.wav,TESS
data/external/tess_processed/fearful/tess_fearful_0315.wav,fearful,/Users/celinajoudi/.cache/kagglehub/datasets/orvile/toronto-emotional-speech-set-tess/versions/1/YAF_numb_fear.wav,TESS
data/external/tess_processed/fearful/tess_fearful_0316.wav,fearful,/Users/celinajoudi/.cache/kagglehub/datasets/orvile/toronto-emotional-speech-set-tess/versions/1/YAF_pad_fear.wav,TESS
data/external/tess_processed/fearful/tess_fearful_0317.wav,fearful,/Users/celinajoudi/.cache/kagglehub/datasets/orvile/toronto-emotional-speech-set-tess/versions/1/YAF_page_fear.wav,TESS
data/external/tess_processed/fearful/tess_fearful_0318.wav,fearful,/Users/celinajoudi/.cache/kagglehub/datasets/orvile/toronto-emotional-speech-set-tess/versions/1/YAF_pain_fear.wav,TESS
data/external/tess_processed/fearful/tess_fearful_0319.wav,fearful,/Users/celinajoudi/.cache/kagglehub/datasets/orvile/toronto-emotional-speech-set-tess/versions/1/YAF_pass_fear.wav,TESS
data/external/tess_processed/fearful/tess_fearful_0320.wav,fearful,/Users/celinajoudi/.cache/kagglehub/datasets/orvile/toronto-emotional-speech-set-tess/versions/1/YAF_pearl_fear.wav,TESS
data/external/tess_processed/fearful/tess_fearful_0321.wav,fearful,/Users/celinajoudi/.cache/kagglehub/datasets/orvile/toronto-emotional-speech-set-tess/versions/1/YAF_peg_fear.wav,TESS
data/external/tess_processed/fearful/tess_fearful_0322.wav,fearful,/Users/celinajoudi/.cache/kagglehub/datasets/orvile/toronto-emotional-speech-set-tess/versions/1/YAF_perch_fear.wav,TESS
data/external/tess_processed/fearful/tess_fearful_0323.wav,fearful,/Users/celinajoudi/.cache/kagglehub/datasets/orvile/toronto-emotional-speech-set-tess/versions/1/YAF_phone_fear.wav,TESS
data/external/tess_processed/fearful/tess_fearful_0324.wav,fearful,/Users/celinajoudi/.cache/kagglehub/datasets/orvile/toronto-emotional-speech-set-tess/versions/1/YAF_pick_fear.wav,TESS
data/external/tess_processed/fearful/tess_fearful_0325.wav,fearful,/Users/celinajoudi/.cache/kagglehub/datasets/orvile/toronto-emotional-speech-set-tess/versions/1/YAF_pike_fear.wav,TESS
data/external/tess_processed/fearful/tess_fearful_0326.wav,fearful,/Users/celinajoudi/.cache/kagglehub/datasets/orvile/toronto-emotional-speech-set-tess/versions/1/YAF_pole_fear.wav,TESS
data/external/tess_processed/fearful/tess_fearful_0327.wav,fearful,/Users/celinajoudi/.cache/kagglehub/datasets/orvile/toronto-emotional-speech-set-tess/versions/1/YAF_pool_fear.wav,TESS
data/external/tess_processed/fearful/tess_fearful_0328.wav,fearful,/Users/celinajoudi/.cache/kagglehub/datasets/orvile/toronto-emotional-speech-set-tess/versions/1/YAF_puff_fear.wav,TESS
data/external/tess_processed/fearful/tess_fearful_0329.wav,fearful,/Users/celinajoudi/.cache/kagglehub/datasets/orvile/toronto-emotional-speech-set-tess/versions/1/YAF_rag_fear.wav,TESS
data/external/tess_processed/fearful/tess_fearful_0330.wav,fearful,/Users/celinajoudi/.cache/kagglehub/datasets/orvile/toronto-emotional-speech-set-tess/versions/1/YAF_raid_fear.wav,TESS
data/external/tess_processed/fearful/tess_fearful_0331.wav,fearful,/Users/celinajoudi/.cache/kagglehub/datasets/orvile/toronto-emotional-speech-set-tess/versions/1/YAF_rain_fear.wav,TESS
data/external/tess_processed/fearful/tess_fearful_0332.wav,fearful,/Users/celinajoudi/.cache/kagglehub/datasets/orvile/toronto-emotional-speech-set-tess/versions/1/YAF_raise_fear.wav,TESS
data/external/tess_processed/fearful/tess_fearful_0333.wav,fearful,/Users/celinajoudi/.cache/kagglehub/datasets/orvile/toronto-emotional-speech-set-tess/versions/1/YAF_rat_fear.wav,TESS
data/external/tess_processed/fearful/tess_fearful_0334.wav,fearful,/Users/celinajoudi/.cache/kagglehub/datasets/orvile/toronto-emotional-speech-set-tess/versions/1/YAF_reach_fear.wav,TESS
data/external/tess_processed/fearful/tess_fearful_0335.wav,fearful,/Users/celinajoudi/.cache/kagglehub/datasets/orvile/toronto-emotional-speech-set-tess/versions/1/YAF_read_fear.wav,TESS
data/external/tess_processed/fearful/tess_fearful_0336.wav,fearful,/Users/celinajoudi/.cache/kagglehub/datasets/orvile/toronto-emotional-speech-set-tess/versions/1/YAF_red_fear.wav,TESS
data/external/tess_processed/fearful/tess_fearful_0337.wav,fearful,/Users/celinajoudi/.cache/kagglehub/datasets/orvile/toronto-emotional-speech-set-tess/versions/1/YAF_ring_fear.wav,TESS
data/external/tess_processed/fearful/tess_fearful_0338.wav,fearful,/Users/celinajoudi/.cache/kagglehub/datasets/orvile/toronto-emotional-speech-set-tess/versions/1/YAF_ripe_fear.wav,TESS
data/external/tess_processed/fearful/tess_fearful_0339.wav,fearful,/Users/celinajoudi/.cache/kagglehub/datasets/orvile/toronto-emotional-speech-set-tess/versions/1/YAF_road_fear.wav,TESS
data/external/tess_processed/fearful/tess_fearful_0340.wav,fearful,/Users/celinajoudi/.cache/kagglehub/datasets/orvile/toronto-emotional-speech-set-tess/versions/1/YAF_room_fear.wav,TESS
data/external/tess_processed/fearful/tess_fearful_0341.wav,fearful,/Users/celinajoudi/.cache/kagglehub/datasets/orvile/toronto-emotional-speech-set-tess/versions/1/YAF_rose_fear.wav,TESS
data/external/tess_processed/fearful/tess_fearful_0342.wav,fearful,/Users/celinajoudi/.cache/kagglehub/datasets/orvile/toronto-emotional-speech-set-tess/versions/1/YAF_rot_fear.wav,TESS
data/external/tess_processed/fearful/tess_fearful_0343.wav,fearful,/Users/celinajoudi/.cache/kagglehub/datasets/orvile/toronto-emotional-speech-set-tess/versions/1/YAF_rough_fear.wav,TESS
data/external/tess_processed/fearful/tess_fearful_0344.wav,fearful,/Users/celinajoudi/.cache/kagglehub/datasets/orvile/toronto-emotional-speech-set-tess/versions/1/YAF_rush_fear.wav,TESS
data/external/tess_processed/fearful/tess_fearful_0345.wav,fearful,/Users/celinajoudi/.cache/kagglehub/datasets/orvile/toronto-emotional-speech-set-tess/versions/1/YAF_said_fear.wav,TESS
data/external/tess_processed/fearful/tess_fearful_0346.wav,fearful,/Users/celinajoudi/.cache/kagglehub/datasets/orvile/toronto-emotional-speech-set-tess/versions/1/YAF_sail_fear.wav,TESS
data/external/tess_processed/fearful/tess_fearful_0347.wav,fearful,/Users/celinajoudi/.cache/kagglehub/datasets/orvile/toronto-emotional-speech-set-tess/versions/1/YAF_search_fear.wav,TESS
data/external/tess_processed/fearful/tess_fearful_0348.wav,fearful,/Users/celinajoudi/.cache/kagglehub/datasets/orvile/toronto-emotional-speech-set-tess/versions/1/YAF_seize_fear.wav,TESS
data/external/tess_processed/fearful/tess_fearful_0349.wav,fearful,/Users/celinajoudi/.cache/kagglehub/datasets/orvile/toronto-emotional-speech-set-tess/versions/1/YAF_sell_fear.wav,TESS
data/external/tess_processed/fearful/tess_fearful_0350.wav,fearful,/Users/celinajoudi/.cache/kagglehub/datasets/orvile/toronto-emotional-speech-set-tess/versions/1/YAF_shack_fear.wav,TESS
data/external/tess_processed/fearful/tess_fearful_0351.wav,fearful,/Users/celinajoudi/.cache/kagglehub/datasets/orvile/toronto-emotional-speech-set-tess/versions/1/YAF_shall_fear.wav,TESS
data/external/tess_processed/fearful/tess_fearful_0352.wav,fearful,/Users/celinajoudi/.cache/kagglehub/datasets/orvile/toronto-emotional-speech-set-tess/versions/1/YAF_shawl_fear.wav,TESS
data/external/tess_processed/fearful/tess_fearful_0353.wav,fearful,/Users/celinajoudi/.cache/kagglehub/datasets/orvile/toronto-emotional-speech-set-tess/versions/1/YAF_sheep_fear.wav,TESS
data/external/tess_processed/fearful/tess_fearful_0354.wav,fearful,/Users/celinajoudi/.cache/kagglehub/datasets/orvile/toronto-emotional-speech-set-tess/versions/1/YAF_shirt_fear.wav,TESS
data/external/tess_processed/fearful/tess_fearful_0355.wav,fearful,/Users/celinajoudi/.cache/kagglehub/datasets/orvile/toronto-emotional-speech-set-tess/versions/1/YAF_should_fear.wav,TESS
data/external/tess_processed/fearful/tess_fearful_0356.wav,fearful,/Users/celinajoudi/.cache/kagglehub/datasets/orvile/toronto-emotional-speech-set-tess/versions/1/YAF_shout_fear.wav,TESS
data/external/tess_processed/fearful/tess_fearful_0357.wav,fearful,/Users/celinajoudi/.cache/kagglehub/datasets/orvile/toronto-emotional-speech-set-tess/versions/1/YAF_size_fear.wav,TESS
data/external/tess_processed/fearful/tess_fearful_0358.wav,fearful,/Users/celinajoudi/.cache/kagglehub/datasets/orvile/toronto-emotional-speech-set-tess/versions/1/YAF_soap_fear.wav,TESS
data/external/tess_processed/fearful/tess_fearful_0359.wav,fearful,/Users/celinajoudi/.cache/kagglehub/datasets/orvile/toronto-emotional-speech-set-tess/versions/1/YAF_soup_fear.wav,TESS
data/external/tess_processed/fearful/tess_fearful_0360.wav,fearful,/Users/celinajoudi/.cache/kagglehub/datasets/orvile/toronto-emotional-speech-set-tess/versions/1/YAF_sour_fear.wav,TESS
data/external/tess_processed/fearful/tess_fearful_0361.wav,fearful,/Users/celinajoudi/.cache/kagglehub/datasets/orvile/toronto-emotional-speech-set-tess/versions/1/YAF_south_fear.wav,TESS
data/external/tess_processed/fearful/tess_fearful_0362.wav,fearful,/Users/celinajoudi/.cache/kagglehub/datasets/orvile/toronto-emotional-speech-set-tess/versions/1/YAF_sub_fear.wav,TESS
data/external/tess_processed/fearful/tess_fearful_0363.wav,fearful,/Users/celinajoudi/.cache/kagglehub/datasets/orvile/toronto-emotional-speech-set-tess/versions/1/YAF_such_fear.wav,TESS
data/external/tess_processed/fearful/tess_fearful_0364.wav,fearful,/Users/celinajoudi/.cache/kagglehub/datasets/orvile/toronto-emotional-speech-set-tess/versions/1/YAF_sure_fear.wav,TESS
data/external/tess_processed/fearful/tess_fearful_0365.wav,fearful,/Users/celinajoudi/.cache/kagglehub/datasets/orvile/toronto-emotional-speech-set-tess/versions/1/YAF_take_fear.wav,TESS
data/external/tess_processed/fearful/tess_fearful_0366.wav,fearful,/Users/celinajoudi/.cache/kagglehub/datasets/orvile/toronto-emotional-speech-set-tess/versions/1/YAF_talk_fear.wav,TESS
data/external/tess_processed/fearful/tess_fearful_0367.wav,fearful,/Users/celinajoudi/.cache/kagglehub/datasets/orvile/toronto-emotional-speech-set-tess/versions/1/YAF_tape_fear.wav,TESS
data/external/tess_processed/fearful/tess_fearful_0368.wav,fearful,/Users/celinajoudi/.cache/kagglehub/datasets/orvile/toronto-emotional-speech-set-tess/versions/1/YAF_team_fear.wav,TESS
data/external/tess_processed/fearful/tess_fearful_0369.wav,fearful,/Users/celinajoudi/.cache/kagglehub/datasets/orvile/toronto-emotional-speech-set-tess/versions/1/YAF_tell_fear.wav,TESS
data/external/tess_processed/fearful/tess_fearful_0370.wav,fearful,/Users/celinajoudi/.cache/kagglehub/datasets/orvile/toronto-emotional-speech-set-tess/versions/1/YAF_thin_fear.wav,TESS
data/external/tess_processed/fearful/tess_fearful_0371.wav,fearful,/Users/celinajoudi/.cache/kagglehub/datasets/orvile/toronto-emotional-speech-set-tess/versions/1/YAF_third_fear.wav,TESS
data/external/tess_processed/fearful/tess_fearful_0372.wav,fearful,/Users/celinajoudi/.cache/kagglehub/datasets/orvile/toronto-emotional-speech-set-tess/versions/1/YAF_thought_fear.wav,TESS
data/external/tess_processed/fearful/tess_fearful_0373.wav,fearful,/Users/celinajoudi/.cache/kagglehub/datasets/orvile/toronto-emotional-speech-set-tess/versions/1/YAF_thumb_fear.wav,TESS
data/external/tess_processed/fearful/tess_fearful_0374.wav,fearful,/Users/celinajoudi/.cache/kagglehub/datasets/orvile/toronto-emotional-speech-set-tess/versions/1/YAF_time_fear.wav,TESS
data/external/tess_processed/fearful/tess_fearful_0375.wav,fearful,/Users/celinajoudi/.cache/kagglehub/datasets/orvile/toronto-emotional-speech-set-tess/versions/1/YAF_tip_fear.wav,TESS
data/external/tess_processed/fearful/tess_fearful_0376.wav,fearful,/Users/celinajoudi/.cache/kagglehub/datasets/orvile/toronto-emotional-speech-set-tess/versions/1/YAF_tire_fear.wav,TESS
data/external/tess_processed/fearful/tess_fearful_0377.wav,fearful,/Users/celinajoudi/.cache/kagglehub/datasets/orvile/toronto-emotional-speech-set-tess/versions/1/YAF_ton_fear.wav,TESS
data/external/tess_processed/fearful/tess_fearful_0378.wav,fearful,/Users/celinajoudi/.cache/kagglehub/datasets/orvile/toronto-emotional-speech-set-tess/versions/1/YAF_tool_fear.wav,TESS
data/external/tess_processed/fearful/tess_fearful_0379.wav,fearful,/Users/celinajoudi/.cache/kagglehub/datasets/orvile/toronto-emotional-speech-set-tess/versions/1/YAF_tough_fear.wav,TESS
data/external/tess_processed/fearful/tess_fearful_0380.wav,fearful,/Users/celinajoudi/.cache/kagglehub/datasets/orvile/toronto-emotional-speech-set-tess/versions/1/YAF_turn_fear.wav,TESS
data/external/tess_processed/fearful/tess_fearful_0381.wav,fearful,/Users/celinajoudi/.cache/kagglehub/datasets/orvile/toronto-emotional-speech-set-tess/versions/1/YAF_vine_fear.wav,TESS
data/external/tess_processed/fearful/tess_fearful_0382.wav,fearful,/Users/celinajoudi/.cache/kagglehub/datasets/orvile/toronto-emotional-speech-set-tess/versions/1/YAF_voice_fear.wav,TESS
data/external/tess_processed/fearful/tess_fearful_0383.wav,fearful,/Users/celinajoudi/.cache/kagglehub/datasets/orvile/toronto-emotional-speech-set-tess/versions/1/YAF_void_fear.wav,TESS
data/external/tess_processed/fearful/tess_fearful_0384.wav,fearful,/Users/celinajoudi/.cache/kagglehub/datasets/orvile/toronto-emotional-speech-set-tess/versions/1/YAF_vote_fear.wav,TESS
data/external/tess_processed/fearful/tess_fearful_0385.wav,fearful,/Users/celinajoudi/.cache/kagglehub/datasets/orvile/toronto-emotional-speech-set-tess/versions/1/YAF_wag_fear.wav,TESS
data/external/tess_processed/fearful/tess_fearful_0386.wav,fearful,/Users/celinajoudi/.cache/kagglehub/datasets/orvile/toronto-emotional-speech-set-tess/versions/1/YAF_walk_fear.wav,TESS
data/external/tess_processed/fearful/tess_fearful_0387.wav,fearful,/Users/celinajoudi/.cache/kagglehub/datasets/orvile/toronto-emotional-speech-set-tess/versions/1/YAF_wash_fear.wav,TESS
data/external/tess_processed/fearful/tess_fearful_0388.wav,fearful,/Users/celinajoudi/.cache/kagglehub/datasets/orvile/toronto-emotional-speech-set-tess/versions/1/YAF_week_fear.wav,TESS
data/external/tess_processed/fearful/tess_fearful_0389.wav,fearful,/Users/celinajoudi/.cache/kagglehub/datasets/orvile/toronto-emotional-speech-set-tess/versions/1/YAF_wheat_fear.wav,TESS
data/external/tess_processed/fearful/tess_fearful_0390.wav,fearful,/Users/celinajoudi/.cache/kagglehub/datasets/orvile/toronto-emotional-speech-set-tess/versions/1/YAF_when_fear.wav,TESS
data/external/tess_processed/fearful/tess_fearful_0391.wav,fearful,/Users/celinajoudi/.cache/kagglehub/datasets/orvile/toronto-emotional-speech-set-tess/versions/1/YAF_which_fear.wav,TESS
data/external/tess_processed/fearful/tess_fearful_0392.wav,fearful,/Users/celinajoudi/.cache/kagglehub/datasets/orvile/toronto-emotional-speech-set-tess/versions/1/YAF_whip_fear.wav,TESS
data/external/tess_processed/fearful/tess_fearful_0393.wav,fearful,/Users/celinajoudi/.cache/kagglehub/datasets/orvile/toronto-emotional-speech-set-tess/versions/1/YAF_white_fear.wav,TESS
data/external/tess_processed/fearful/tess_fearful_0394.wav,fearful,/Users/celinajoudi/.cache/kagglehub/datasets/orvile/toronto-emotional-speech-set-tess/versions/1/YAF_wife_fear.wav,TESS
data/external/tess_processed/fearful/tess_fearful_0395.wav,fearful,/Users/celinajoudi/.cache/kagglehub/datasets/orvile/toronto-emotional-speech-set-tess/versions/1/YAF_wire_fear.wav,TESS
data/external/tess_processed/fearful/tess_fearful_0396.wav,fearful,/Users/celinajoudi/.cache/kagglehub/datasets/orvile/toronto-emotional-speech-set-tess/versions/1/YAF_witch_fear.wav,TESS
data/external/tess_processed/fearful/tess_fearful_0397.wav,fearful,/Users/celinajoudi/.cache/kagglehub/datasets/orvile/toronto-emotional-speech-set-tess/versions/1/YAF_yearn_fear.wav,TESS
data/external/tess_processed/fearful/tess_fearful_0398.wav,fearful,/Users/celinajoudi/.cache/kagglehub/datasets/orvile/toronto-emotional-speech-set-tess/versions/1/YAF_yes_fear.wav,TESS
data/external/tess_processed/fearful/tess_fearful_0399.wav,fearful,/Users/celinajoudi/.cache/kagglehub/datasets/orvile/toronto-emotional-speech-set-tess/versions/1/YAF_young_fear.wav,TESS
data/external/tess_processed/fearful/tess_fearful_0400.wav,fearful,/Users/celinajoudi/.cache/kagglehub/datasets/orvile/toronto-emotional-speech-set-tess/versions/1/YAF_youth_fear.wav,TESS
